<?xml version='1.0' encoding='UTF-8' standalone='yes' ?><hierarchy rotation="0"><node index="0" text="" resource-id="" class="android.widget.FrameLayout" package="com.android.packageinstaller" content-desc="" checkable="false" checked="false" clickable="false" enabled="true" focusable="false" focused="false" scrollable="false" long-clickable="false" password="false" selected="false" bounds="[120,673][960,1184]"><node index="0" text="" resource-id="" class="android.widget.FrameLayout" package="com.android.packageinstaller" content-desc="" checkable="false" checked="false" clickable="false" enabled="true" focusable="false" focused="false" scrollable="false" long-clickable="false" password="false" selected="false" bounds="[162,715][918,1142]"><node index="0" text="" resource-id="android:id/content" class="android.widget.FrameLayout" package="com.android.packageinstaller" content-desc="" checkable="false" checked="false" clickable="false" enabled="true" focusable="false" focused="false" scrollable="false" long-clickable="false" password="false" selected="false" bounds="[162,715][918,1142]"><node index="0" text="" resource-id="" class="android.widget.FrameLayout" package="com.android.packageinstaller" content-desc="" checkable="false" checked="false" clickable="false" enabled="true" focusable="false" focused="false" scrollable="false" long-clickable="false" password="false" selected="false" bounds="[162,715][918,1142]"><node index="0" text="" resource-id="com.android.packageinstaller:id/dialog_container" class="android.widget.LinearLayout" package="com.android.packageinstaller" content-desc="" checkable="false" checked="false" clickable="false" enabled="true" focusable="false" focused="false" scrollable="false" long-clickable="false" password="false" selected="false" bounds="[162,715][918,1142]"><node index="0" text="" resource-id="com.android.packageinstaller:id/desc_container" class="android.widget.FrameLayout" package="com.android.packageinstaller" content-desc="" checkable="false" checked="false" clickable="false" enabled="true" focusable="false" focused="false" scrollable="false" long-clickable="false" password="false" selected="false" bounds="[220,778][876,953]"><node index="0" text="" resource-id="com.android.packageinstaller:id/perm_desc_root" class="android.widget.LinearLayout" package="com.android.packageinstaller" content-desc="" checkable="false" checked="false" clickable="false" enabled="true" focusable="false" focused="false" scrollable="false" long-clickable="false" password="false" selected="false" bounds="[220,778][876,953]"><node index="0" text="" resource-id="com.android.packageinstaller:id/permission_icon" class="android.widget.ImageView" package="com.android.packageinstaller" content-desc="" checkable="false" checked="false" clickable="false" enabled="true" focusable="false" focused="false" scrollable="false" long-clickable="false" password="false" selected="false" bounds="[220,786][315,881]" /><node index="1" text="Allow Kiwix to access photos, media, and files on your device?" resource-id="com.android.packageinstaller:id/permission_message" class="android.widget.TextView" package="com.android.packageinstaller" content-desc="" checkable="false" checked="false" clickable="false" enabled="true" focusable="false" focused="false" scrollable="false" long-clickable="false" password="false" selected="false" bounds="[315,778][876,953]" /></node></node><node index="1" text="" resource-id="com.android.packageinstaller:id/button_group" class="android.widget.LinearLayout" package="com.android.packageinstaller" content-desc="" checkable="false" checked="false" clickable="false" enabled="true" focusable="false" focused="false" scrollable="false" long-clickable="false" password="false" selected="false" bounds="[220,953][876,1121]"><node index="0" text="Deny" resource-id="com.android.packageinstaller:id/permission_deny_button" class="android.widget.Button" package="com.android.packageinstaller" content-desc="" checkable="false" checked="false" clickable="true" enabled="true" focusable="true" focused="false" scrollable="false" long-clickable="false" password="false" selected="false" bounds="[502,995][670,1121]" /><node index="1" text="Allow" resource-id="com.android.packageinstaller:id/permission_allow_button" class="android.widget.Button" package="com.android.packageinstaller" content-desc="" checkable="false" checked="false" clickable="true" enabled="true" focusable="true" focused="false" scrollable="false" long-clickable="false" password="false" selected="false" bounds="[691,995][876,1121]" /></node></node></node></node></node></node></hierarchy>