<?xml version='1.0' encoding='UTF-8' standalone='yes' ?><hierarchy rotation="0"><node index="0" text="" resource-id="" class="android.widget.FrameLayout" package="org.kiwix.kiwixmobile" content-desc="" checkable="false" checked="false" clickable="false" enabled="true" focusable="false" focused="false" scrollable="false" long-clickable="false" password="false" selected="false" bounds="[27,63][1053,1794]"><node index="0" text="" resource-id="" class="android.widget.LinearLayout" package="org.kiwix.kiwixmobile" content-desc="" checkable="false" checked="false" clickable="false" enabled="true" focusable="false" focused="false" scrollable="false" long-clickable="false" password="false" selected="false" bounds="[27,63][1053,1794]"><node index="0" text="" resource-id="android:id/content" class="android.widget.FrameLayout" package="org.kiwix.kiwixmobile" content-desc="" checkable="false" checked="false" clickable="false" enabled="true" focusable="false" focused="false" scrollable="false" long-clickable="false" password="false" selected="false" bounds="[27,63][1053,1794]"><node index="0" text="" resource-id="android:id/parentPanel" class="android.widget.LinearLayout" package="org.kiwix.kiwixmobile" content-desc="" checkable="false" checked="false" clickable="false" enabled="true" focusable="false" focused="false" scrollable="false" long-clickable="false" password="false" selected="false" bounds="[27,63][1053,1794]"><node index="0" text="" resource-id="android:id/topPanel" class="android.widget.LinearLayout" package="org.kiwix.kiwixmobile" content-desc="" checkable="false" checked="false" clickable="false" enabled="true" focusable="false" focused="false" scrollable="false" long-clickable="false" password="false" selected="false" bounds="[27,63][1053,181]"><node index="0" text="" resource-id="android:id/title_template" class="android.widget.LinearLayout" package="org.kiwix.kiwixmobile" content-desc="" checkable="false" checked="false" clickable="false" enabled="true" focusable="false" focused="false" scrollable="false" long-clickable="false" password="false" selected="false" bounds="[27,63][1053,181]"><node index="0" text="Language" resource-id="android:id/alertTitle" class="android.widget.TextView" package="org.kiwix.kiwixmobile" content-desc="" checkable="false" checked="false" clickable="false" enabled="true" focusable="false" focused="false" scrollable="false" long-clickable="false" password="false" selected="false" bounds="[90,110][990,181]" /></node></node><node index="1" text="" resource-id="android:id/contentPanel" class="android.widget.FrameLayout" package="org.kiwix.kiwixmobile" content-desc="" checkable="false" checked="false" clickable="false" enabled="true" focusable="false" focused="false" scrollable="false" long-clickable="false" password="false" selected="false" bounds="[27,181][1053,1646]"><node index="0" text="" resource-id="android:id/select_dialog_listview" class="android.widget.ListView" package="org.kiwix.kiwixmobile" content-desc="" checkable="false" checked="false" clickable="true" enabled="true" focusable="true" focused="true" scrollable="true" long-clickable="false" password="false" selected="false" bounds="[27,181][1053,1646]"><node index="0" text="German (Deutsch) " resource-id="android:id/text1" class="android.widget.CheckedTextView" package="org.kiwix.kiwixmobile" content-desc="" checkable="true" checked="false" clickable="false" enabled="true" focusable="false" focused="false" scrollable="false" long-clickable="false" password="false" selected="false" bounds="[27,181][1053,218]" /><node index="1" text="Greek (Ελληνικά) " resource-id="android:id/text1" class="android.widget.CheckedTextView" package="org.kiwix.kiwixmobile" content-desc="" checkable="true" checked="false" clickable="false" enabled="true" focusable="false" focused="false" scrollable="false" long-clickable="false" password="false" selected="false" bounds="[27,218][1053,344]" /><node index="2" text="Gujarati (ગુજરાતી) " resource-id="android:id/text1" class="android.widget.CheckedTextView" package="org.kiwix.kiwixmobile" content-desc="" checkable="true" checked="false" clickable="false" enabled="true" focusable="false" focused="false" scrollable="false" long-clickable="false" password="false" selected="false" bounds="[27,344][1053,470]" /><node index="3" text="Hebrew (עברית) " resource-id="android:id/text1" class="android.widget.CheckedTextView" package="org.kiwix.kiwixmobile" content-desc="" checkable="true" checked="false" clickable="false" enabled="true" focusable="false" focused="false" scrollable="false" long-clickable="false" password="false" selected="false" bounds="[27,470][1053,596]" /><node index="4" text="Hebrew (עברית) " resource-id="android:id/text1" class="android.widget.CheckedTextView" package="org.kiwix.kiwixmobile" content-desc="" checkable="true" checked="false" clickable="false" enabled="true" focusable="false" focused="false" scrollable="false" long-clickable="false" password="false" selected="false" bounds="[27,596][1053,722]" /><node index="5" text="Hindi (हिन्दी) " resource-id="android:id/text1" class="android.widget.CheckedTextView" package="org.kiwix.kiwixmobile" content-desc="" checkable="true" checked="false" clickable="false" enabled="true" focusable="false" focused="false" scrollable="false" long-clickable="false" password="false" selected="false" bounds="[27,722][1053,848]" /><node index="6" text="Hungarian (magyar) " resource-id="android:id/text1" class="android.widget.CheckedTextView" package="org.kiwix.kiwixmobile" content-desc="" checkable="true" checked="false" clickable="false" enabled="true" focusable="false" focused="false" scrollable="false" long-clickable="false" password="false" selected="false" bounds="[27,848][1053,974]" /><node index="7" text="Indonesian (Bahasa Indonesia) " resource-id="android:id/text1" class="android.widget.CheckedTextView" package="org.kiwix.kiwixmobile" content-desc="" checkable="true" checked="false" clickable="false" enabled="true" focusable="false" focused="false" scrollable="false" long-clickable="false" password="false" selected="false" bounds="[27,974][1053,1100]" /><node index="8" text="Indonesian (Bahasa Indonesia) " resource-id="android:id/text1" class="android.widget.CheckedTextView" package="org.kiwix.kiwixmobile" content-desc="" checkable="true" checked="false" clickable="false" enabled="true" focusable="false" focused="false" scrollable="false" long-clickable="false" password="false" selected="false" bounds="[27,1100][1053,1226]" /><node index="9" text="Interlingua (Interlingua) " resource-id="android:id/text1" class="android.widget.CheckedTextView" package="org.kiwix.kiwixmobile" content-desc="" checkable="true" checked="false" clickable="false" enabled="true" focusable="false" focused="false" scrollable="false" long-clickable="false" password="false" selected="false" bounds="[27,1226][1053,1352]" /><node index="10" text="Interlingue (Interlingue) " resource-id="android:id/text1" class="android.widget.CheckedTextView" package="org.kiwix.kiwixmobile" content-desc="" checkable="true" checked="false" clickable="false" enabled="true" focusable="false" focused="false" scrollable="false" long-clickable="false" password="false" selected="false" bounds="[27,1352][1053,1478]" /><node index="11" text="Italian (italiano) " resource-id="android:id/text1" class="android.widget.CheckedTextView" package="org.kiwix.kiwixmobile" content-desc="" checkable="true" checked="false" clickable="false" enabled="true" focusable="false" focused="false" scrollable="false" long-clickable="false" password="false" selected="false" bounds="[27,1478][1053,1604]" /><node index="12" text="Japanese (日本語) " resource-id="android:id/text1" class="android.widget.CheckedTextView" package="org.kiwix.kiwixmobile" content-desc="" checkable="true" checked="false" clickable="false" enabled="true" focusable="false" focused="false" scrollable="false" long-clickable="false" password="false" selected="false" bounds="[27,1604][1053,1646]" /></node></node><node index="2" text="" resource-id="android:id/buttonPanel" class="android.widget.LinearLayout" package="org.kiwix.kiwixmobile" content-desc="" checkable="false" checked="false" clickable="false" enabled="true" focusable="false" focused="false" scrollable="false" long-clickable="false" password="false" selected="false" bounds="[27,1646][1053,1794]"><node index="0" text="Cancel" resource-id="android:id/button2" class="android.widget.Button" package="org.kiwix.kiwixmobile" content-desc="" checkable="false" checked="false" clickable="true" enabled="true" focusable="true" focused="false" scrollable="false" long-clickable="false" password="false" selected="false" bounds="[819,1657][1021,1783]" /></node></node></node></node></node></hierarchy>