<?xml version='1.0' encoding='UTF-8' standalone='yes' ?><hierarchy rotation="0"><node index="0" text="" resource-id="" class="android.widget.FrameLayout" package="org.kiwix.kiwixmobile" content-desc="" checkable="false" checked="false" clickable="false" enabled="true" focusable="false" focused="false" scrollable="false" long-clickable="false" password="false" selected="false" bounds="[27,63][1053,1794]"><node index="0" text="" resource-id="" class="android.widget.LinearLayout" package="org.kiwix.kiwixmobile" content-desc="" checkable="false" checked="false" clickable="false" enabled="true" focusable="false" focused="false" scrollable="false" long-clickable="false" password="false" selected="false" bounds="[27,63][1053,1794]"><node index="0" text="" resource-id="android:id/content" class="android.widget.FrameLayout" package="org.kiwix.kiwixmobile" content-desc="" checkable="false" checked="false" clickable="false" enabled="true" focusable="false" focused="false" scrollable="false" long-clickable="false" password="false" selected="false" bounds="[27,63][1053,1794]"><node index="0" text="" resource-id="android:id/parentPanel" class="android.widget.LinearLayout" package="org.kiwix.kiwixmobile" content-desc="" checkable="false" checked="false" clickable="false" enabled="true" focusable="false" focused="false" scrollable="false" long-clickable="false" password="false" selected="false" bounds="[27,63][1053,1794]"><node index="0" text="" resource-id="android:id/topPanel" class="android.widget.LinearLayout" package="org.kiwix.kiwixmobile" content-desc="" checkable="false" checked="false" clickable="false" enabled="true" focusable="false" focused="false" scrollable="false" long-clickable="false" password="false" selected="false" bounds="[27,63][1053,181]"><node index="0" text="" resource-id="android:id/title_template" class="android.widget.LinearLayout" package="org.kiwix.kiwixmobile" content-desc="" checkable="false" checked="false" clickable="false" enabled="true" focusable="false" focused="false" scrollable="false" long-clickable="false" password="false" selected="false" bounds="[27,63][1053,181]"><node index="0" text="Language" resource-id="android:id/alertTitle" class="android.widget.TextView" package="org.kiwix.kiwixmobile" content-desc="" checkable="false" checked="false" clickable="false" enabled="true" focusable="false" focused="false" scrollable="false" long-clickable="false" password="false" selected="false" bounds="[90,110][990,181]" /></node></node><node index="1" text="" resource-id="android:id/contentPanel" class="android.widget.FrameLayout" package="org.kiwix.kiwixmobile" content-desc="" checkable="false" checked="false" clickable="false" enabled="true" focusable="false" focused="false" scrollable="false" long-clickable="false" password="false" selected="false" bounds="[27,181][1053,1646]"><node index="0" text="" resource-id="android:id/select_dialog_listview" class="android.widget.ListView" package="org.kiwix.kiwixmobile" content-desc="" checkable="false" checked="false" clickable="true" enabled="true" focusable="true" focused="true" scrollable="true" long-clickable="false" password="false" selected="false" bounds="[27,181][1053,1646]"><node index="0" text="English (English) " resource-id="android:id/text1" class="android.widget.CheckedTextView" package="org.kiwix.kiwixmobile" content-desc="" checkable="true" checked="true" clickable="false" enabled="true" focusable="false" focused="false" scrollable="false" long-clickable="false" password="false" selected="false" bounds="[27,181][1053,307]" /><node index="1" text="Esperanto (esperanto) " resource-id="android:id/text1" class="android.widget.CheckedTextView" package="org.kiwix.kiwixmobile" content-desc="" checkable="true" checked="false" clickable="false" enabled="true" focusable="false" focused="false" scrollable="false" long-clickable="false" password="false" selected="false" bounds="[27,307][1053,433]" /><node index="2" text="Estonian (eesti) " resource-id="android:id/text1" class="android.widget.CheckedTextView" package="org.kiwix.kiwixmobile" content-desc="" checkable="true" checked="false" clickable="false" enabled="true" focusable="false" focused="false" scrollable="false" long-clickable="false" password="false" selected="false" bounds="[27,433][1053,559]" /><node index="3" text="Faroese (føroyskt) " resource-id="android:id/text1" class="android.widget.CheckedTextView" package="org.kiwix.kiwixmobile" content-desc="" checkable="true" checked="false" clickable="false" enabled="true" focusable="false" focused="false" scrollable="false" long-clickable="false" password="false" selected="false" bounds="[27,559][1053,685]" /><node index="4" text="Finnish (suomi) " resource-id="android:id/text1" class="android.widget.CheckedTextView" package="org.kiwix.kiwixmobile" content-desc="" checkable="true" checked="false" clickable="false" enabled="true" focusable="false" focused="false" scrollable="false" long-clickable="false" password="false" selected="false" bounds="[27,685][1053,811]" /><node index="5" text="French (français) " resource-id="android:id/text1" class="android.widget.CheckedTextView" package="org.kiwix.kiwixmobile" content-desc="" checkable="true" checked="false" clickable="false" enabled="true" focusable="false" focused="false" scrollable="false" long-clickable="false" password="false" selected="false" bounds="[27,811][1053,937]" /><node index="6" text="Galician (galego) " resource-id="android:id/text1" class="android.widget.CheckedTextView" package="org.kiwix.kiwixmobile" content-desc="" checkable="true" checked="false" clickable="false" enabled="true" focusable="false" focused="false" scrollable="false" long-clickable="false" password="false" selected="false" bounds="[27,937][1053,1063]" /><node index="7" text="Georgian (ქართული) " resource-id="android:id/text1" class="android.widget.CheckedTextView" package="org.kiwix.kiwixmobile" content-desc="" checkable="true" checked="false" clickable="false" enabled="true" focusable="false" focused="false" scrollable="false" long-clickable="false" password="false" selected="false" bounds="[27,1063][1053,1189]" /><node index="8" text="German (Deutsch) " resource-id="android:id/text1" class="android.widget.CheckedTextView" package="org.kiwix.kiwixmobile" content-desc="" checkable="true" checked="false" clickable="false" enabled="true" focusable="false" focused="false" scrollable="false" long-clickable="false" password="false" selected="false" bounds="[27,1189][1053,1315]" /><node index="9" text="Greek (Ελληνικά) " resource-id="android:id/text1" class="android.widget.CheckedTextView" package="org.kiwix.kiwixmobile" content-desc="" checkable="true" checked="false" clickable="false" enabled="true" focusable="false" focused="false" scrollable="false" long-clickable="false" password="false" selected="false" bounds="[27,1315][1053,1441]" /><node index="10" text="Gujarati (ગુજરાતી) " resource-id="android:id/text1" class="android.widget.CheckedTextView" package="org.kiwix.kiwixmobile" content-desc="" checkable="true" checked="false" clickable="false" enabled="true" focusable="false" focused="false" scrollable="false" long-clickable="false" password="false" selected="false" bounds="[27,1441][1053,1567]" /><node index="11" text="Hebrew (עברית) " resource-id="android:id/text1" class="android.widget.CheckedTextView" package="org.kiwix.kiwixmobile" content-desc="" checkable="true" checked="false" clickable="false" enabled="true" focusable="false" focused="false" scrollable="false" long-clickable="false" password="false" selected="false" bounds="[27,1567][1053,1646]" /></node></node><node index="2" text="" resource-id="android:id/buttonPanel" class="android.widget.LinearLayout" package="org.kiwix.kiwixmobile" content-desc="" checkable="false" checked="false" clickable="false" enabled="true" focusable="false" focused="false" scrollable="false" long-clickable="false" password="false" selected="false" bounds="[27,1646][1053,1794]"><node index="0" text="Cancel" resource-id="android:id/button2" class="android.widget.Button" package="org.kiwix.kiwixmobile" content-desc="" checkable="false" checked="false" clickable="true" enabled="true" focusable="true" focused="false" scrollable="false" long-clickable="false" password="false" selected="false" bounds="[819,1657][1021,1783]" /></node></node></node></node></node></hierarchy>