<?xml version='1.0' encoding='UTF-8' standalone='yes' ?><hierarchy rotation="0"><node index="0" text="" resource-id="" class="android.widget.FrameLayout" package="org.kiwix.kiwixmobile" content-desc="" checkable="false" checked="false" clickable="false" enabled="true" focusable="false" focused="false" scrollable="false" long-clickable="false" password="false" selected="false" bounds="[27,63][1053,1794]"><node index="0" text="" resource-id="" class="android.widget.LinearLayout" package="org.kiwix.kiwixmobile" content-desc="" checkable="false" checked="false" clickable="false" enabled="true" focusable="false" focused="false" scrollable="false" long-clickable="false" password="false" selected="false" bounds="[27,63][1053,1794]"><node index="0" text="" resource-id="android:id/content" class="android.widget.FrameLayout" package="org.kiwix.kiwixmobile" content-desc="" checkable="false" checked="false" clickable="false" enabled="true" focusable="false" focused="false" scrollable="false" long-clickable="false" password="false" selected="false" bounds="[27,63][1053,1794]"><node index="0" text="" resource-id="android:id/parentPanel" class="android.widget.LinearLayout" package="org.kiwix.kiwixmobile" content-desc="" checkable="false" checked="false" clickable="false" enabled="true" focusable="false" focused="false" scrollable="false" long-clickable="false" password="false" selected="false" bounds="[27,63][1053,1794]"><node index="0" text="" resource-id="android:id/topPanel" class="android.widget.LinearLayout" package="org.kiwix.kiwixmobile" content-desc="" checkable="false" checked="false" clickable="false" enabled="true" focusable="false" focused="false" scrollable="false" long-clickable="false" password="false" selected="false" bounds="[27,63][1053,181]"><node index="0" text="" resource-id="android:id/title_template" class="android.widget.LinearLayout" package="org.kiwix.kiwixmobile" content-desc="" checkable="false" checked="false" clickable="false" enabled="true" focusable="false" focused="false" scrollable="false" long-clickable="false" password="false" selected="false" bounds="[27,63][1053,181]"><node index="0" text="Language" resource-id="android:id/alertTitle" class="android.widget.TextView" package="org.kiwix.kiwixmobile" content-desc="" checkable="false" checked="false" clickable="false" enabled="true" focusable="false" focused="false" scrollable="false" long-clickable="false" password="false" selected="false" bounds="[90,110][990,181]" /></node></node><node index="1" text="" resource-id="android:id/contentPanel" class="android.widget.FrameLayout" package="org.kiwix.kiwixmobile" content-desc="" checkable="false" checked="false" clickable="false" enabled="true" focusable="false" focused="false" scrollable="false" long-clickable="false" password="false" selected="false" bounds="[27,181][1053,1646]"><node index="0" text="" resource-id="android:id/select_dialog_listview" class="android.widget.ListView" package="org.kiwix.kiwixmobile" content-desc="" checkable="false" checked="false" clickable="true" enabled="true" focusable="true" focused="true" scrollable="true" long-clickable="false" password="false" selected="false" bounds="[27,181][1053,1646]"><node index="0" text="Interlingua (Interlingua) " resource-id="android:id/text1" class="android.widget.CheckedTextView" package="org.kiwix.kiwixmobile" content-desc="" checkable="true" checked="false" clickable="false" enabled="true" focusable="false" focused="false" scrollable="false" long-clickable="false" password="false" selected="false" bounds="[27,181][1053,296]" /><node index="1" text="Interlingue (Interlingue) " resource-id="android:id/text1" class="android.widget.CheckedTextView" package="org.kiwix.kiwixmobile" content-desc="" checkable="true" checked="false" clickable="false" enabled="true" focusable="false" focused="false" scrollable="false" long-clickable="false" password="false" selected="false" bounds="[27,296][1053,422]" /><node index="2" text="Italian (italiano) " resource-id="android:id/text1" class="android.widget.CheckedTextView" package="org.kiwix.kiwixmobile" content-desc="" checkable="true" checked="false" clickable="false" enabled="true" focusable="false" focused="false" scrollable="false" long-clickable="false" password="false" selected="false" bounds="[27,422][1053,548]" /><node index="3" text="Japanese (日本語) " resource-id="android:id/text1" class="android.widget.CheckedTextView" package="org.kiwix.kiwixmobile" content-desc="" checkable="true" checked="false" clickable="false" enabled="true" focusable="false" focused="false" scrollable="false" long-clickable="false" password="false" selected="false" bounds="[27,548][1053,674]" /><node index="4" text="Javanese (Javanese) " resource-id="android:id/text1" class="android.widget.CheckedTextView" package="org.kiwix.kiwixmobile" content-desc="" checkable="true" checked="false" clickable="false" enabled="true" focusable="false" focused="false" scrollable="false" long-clickable="false" password="false" selected="false" bounds="[27,674][1053,800]" /><node index="5" text="Kannada (ಕನ್ನಡ) " resource-id="android:id/text1" class="android.widget.CheckedTextView" package="org.kiwix.kiwixmobile" content-desc="" checkable="true" checked="false" clickable="false" enabled="true" focusable="false" focused="false" scrollable="false" long-clickable="false" password="false" selected="false" bounds="[27,800][1053,926]" /><node index="6" text="Khmer (ខ្មែរ) " resource-id="android:id/text1" class="android.widget.CheckedTextView" package="org.kiwix.kiwixmobile" content-desc="" checkable="true" checked="false" clickable="false" enabled="true" focusable="false" focused="false" scrollable="false" long-clickable="false" password="false" selected="false" bounds="[27,926][1053,1052]" /><node index="7" text="Korean (한국어) " resource-id="android:id/text1" class="android.widget.CheckedTextView" package="org.kiwix.kiwixmobile" content-desc="" checkable="true" checked="false" clickable="false" enabled="true" focusable="false" focused="false" scrollable="false" long-clickable="false" password="false" selected="false" bounds="[27,1052][1053,1178]" /><node index="8" text="Kyrgyz (кыргызча) " resource-id="android:id/text1" class="android.widget.CheckedTextView" package="org.kiwix.kiwixmobile" content-desc="" checkable="true" checked="false" clickable="false" enabled="true" focusable="false" focused="false" scrollable="false" long-clickable="false" password="false" selected="false" bounds="[27,1178][1053,1304]" /><node index="9" text="Latvian (latviešu) " resource-id="android:id/text1" class="android.widget.CheckedTextView" package="org.kiwix.kiwixmobile" content-desc="" checkable="true" checked="false" clickable="false" enabled="true" focusable="false" focused="false" scrollable="false" long-clickable="false" password="false" selected="false" bounds="[27,1304][1053,1430]" /><node index="10" text="Limburgish (Limburgish) " resource-id="android:id/text1" class="android.widget.CheckedTextView" package="org.kiwix.kiwixmobile" content-desc="" checkable="true" checked="false" clickable="false" enabled="true" focusable="false" focused="false" scrollable="false" long-clickable="false" password="false" selected="false" bounds="[27,1430][1053,1556]" /><node index="11" text="Lithuanian (lietuvių) " resource-id="android:id/text1" class="android.widget.CheckedTextView" package="org.kiwix.kiwixmobile" content-desc="" checkable="true" checked="false" clickable="false" enabled="true" focusable="false" focused="false" scrollable="false" long-clickable="false" password="false" selected="false" bounds="[27,1556][1053,1646]" /></node></node><node index="2" text="" resource-id="android:id/buttonPanel" class="android.widget.LinearLayout" package="org.kiwix.kiwixmobile" content-desc="" checkable="false" checked="false" clickable="false" enabled="true" focusable="false" focused="false" scrollable="false" long-clickable="false" password="false" selected="false" bounds="[27,1646][1053,1794]"><node index="0" text="Cancel" resource-id="android:id/button2" class="android.widget.Button" package="org.kiwix.kiwixmobile" content-desc="" checkable="false" checked="false" clickable="true" enabled="true" focusable="true" focused="false" scrollable="false" long-clickable="false" password="false" selected="false" bounds="[819,1657][1021,1783]" /></node></node></node></node></node></hierarchy>