<?xml version='1.0' encoding='UTF-8' standalone='yes' ?><hierarchy rotation="0"><node index="0" text="" resource-id="" class="android.widget.FrameLayout" package="org.kiwix.kiwixmobile" content-desc="" checkable="false" checked="false" clickable="false" enabled="true" focusable="false" focused="false" scrollable="false" long-clickable="false" password="false" selected="false" bounds="[555,73][1070,577]"><node index="0" text="" resource-id="" class="android.widget.FrameLayout" package="org.kiwix.kiwixmobile" content-desc="" checkable="false" checked="false" clickable="false" enabled="true" focusable="false" focused="false" scrollable="false" long-clickable="false" password="false" selected="false" bounds="[555,73][1070,577]"><node index="0" text="" resource-id="" class="android.widget.ListView" package="org.kiwix.kiwixmobile" content-desc="" checkable="false" checked="false" clickable="true" enabled="true" focusable="true" focused="true" scrollable="false" long-clickable="false" password="false" selected="false" bounds="[555,73][1070,577]"><node index="0" text="" resource-id="" class="android.widget.LinearLayout" package="org.kiwix.kiwixmobile" content-desc="" checkable="false" checked="false" clickable="false" enabled="true" focusable="false" focused="false" scrollable="false" long-clickable="false" password="false" selected="false" bounds="[555,73][1070,199]"><node index="0" text="" resource-id="" class="android.widget.RelativeLayout" package="org.kiwix.kiwixmobile" content-desc="" checkable="false" checked="false" clickable="false" enabled="true" focusable="false" focused="false" scrollable="false" long-clickable="false" password="false" selected="false" bounds="[597,107][1028,164]"><node index="0" text="Bookmarks" resource-id="org.kiwix.kiwixmobile:id/title" class="android.widget.TextView" package="org.kiwix.kiwixmobile" content-desc="" checkable="false" checked="false" clickable="false" enabled="true" focusable="false" focused="false" scrollable="false" long-clickable="false" password="false" selected="false" bounds="[597,107][1028,164]" /></node></node><node index="1" text="" resource-id="" class="android.widget.LinearLayout" package="org.kiwix.kiwixmobile" content-desc="" checkable="false" checked="false" clickable="false" enabled="true" focusable="false" focused="false" scrollable="false" long-clickable="false" password="false" selected="false" bounds="[555,199][1070,325]"><node index="0" text="" resource-id="" class="android.widget.RelativeLayout" package="org.kiwix.kiwixmobile" content-desc="" checkable="false" checked="false" clickable="false" enabled="true" focusable="false" focused="false" scrollable="false" long-clickable="false" password="false" selected="false" bounds="[597,233][1028,290]"><node index="0" text="Get Content" resource-id="org.kiwix.kiwixmobile:id/title" class="android.widget.TextView" package="org.kiwix.kiwixmobile" content-desc="" checkable="false" checked="false" clickable="false" enabled="true" focusable="false" focused="false" scrollable="false" long-clickable="false" password="false" selected="false" bounds="[597,233][1028,290]" /></node></node><node index="2" text="" resource-id="" class="android.widget.LinearLayout" package="org.kiwix.kiwixmobile" content-desc="" checkable="false" checked="false" clickable="false" enabled="true" focusable="false" focused="false" scrollable="false" long-clickable="false" password="false" selected="false" bounds="[555,325][1070,451]"><node index="0" text="" resource-id="" class="android.widget.RelativeLayout" package="org.kiwix.kiwixmobile" content-desc="" checkable="false" checked="false" clickable="false" enabled="true" focusable="false" focused="false" scrollable="false" long-clickable="false" password="false" selected="false" bounds="[597,359][1028,416]"><node index="0" text="Help" resource-id="org.kiwix.kiwixmobile:id/title" class="android.widget.TextView" package="org.kiwix.kiwixmobile" content-desc="" checkable="false" checked="false" clickable="false" enabled="true" focusable="false" focused="false" scrollable="false" long-clickable="false" password="false" selected="false" bounds="[597,359][1028,416]" /></node></node><node index="3" text="" resource-id="" class="android.widget.LinearLayout" package="org.kiwix.kiwixmobile" content-desc="" checkable="false" checked="false" clickable="false" enabled="true" focusable="false" focused="false" scrollable="false" long-clickable="false" password="false" selected="false" bounds="[555,451][1070,577]"><node index="0" text="" resource-id="" class="android.widget.RelativeLayout" package="org.kiwix.kiwixmobile" content-desc="" checkable="false" checked="false" clickable="false" enabled="true" focusable="false" focused="false" scrollable="false" long-clickable="false" password="false" selected="false" bounds="[597,485][1028,542]"><node index="0" text="Settings" resource-id="org.kiwix.kiwixmobile:id/title" class="android.widget.TextView" package="org.kiwix.kiwixmobile" content-desc="" checkable="false" checked="false" clickable="false" enabled="true" focusable="false" focused="false" scrollable="false" long-clickable="false" password="false" selected="false" bounds="[597,485][1028,542]" /></node></node></node></node></node></hierarchy>