<?xml version='1.0' encoding='UTF-8' standalone='yes' ?><hierarchy rotation="0"><node index="0" text="" resource-id="" class="android.widget.FrameLayout" package="org.kiwix.kiwixmobile" content-desc="" checkable="false" checked="false" clickable="false" enabled="true" focusable="false" focused="false" scrollable="false" long-clickable="false" password="false" selected="false" bounds="[0,0][1080,1794]"><node index="0" text="" resource-id="" class="android.widget.LinearLayout" package="org.kiwix.kiwixmobile" content-desc="" checkable="false" checked="false" clickable="false" enabled="true" focusable="false" focused="false" scrollable="false" long-clickable="false" password="false" selected="false" bounds="[0,0][1080,1794]"><node index="0" text="" resource-id="" class="android.widget.FrameLayout" package="org.kiwix.kiwixmobile" content-desc="" checkable="false" checked="false" clickable="false" enabled="true" focusable="false" focused="false" scrollable="false" long-clickable="false" password="false" selected="false" bounds="[0,0][1080,1794]"><node index="0" text="" resource-id="org.kiwix.kiwixmobile:id/action_bar_root" class="android.widget.FrameLayout" package="org.kiwix.kiwixmobile" content-desc="" checkable="false" checked="false" clickable="false" enabled="true" focusable="false" focused="false" scrollable="false" long-clickable="false" password="false" selected="false" bounds="[0,0][1080,1794]"><node index="0" text="" resource-id="android:id/content" class="android.widget.FrameLayout" package="org.kiwix.kiwixmobile" content-desc="" checkable="false" checked="false" clickable="false" enabled="true" focusable="false" focused="false" scrollable="false" long-clickable="false" password="false" selected="false" bounds="[0,0][1080,1794]"><node index="0" text="" resource-id="" class="android.view.ViewGroup" package="org.kiwix.kiwixmobile" content-desc="" checkable="false" checked="false" clickable="false" enabled="true" focusable="false" focused="false" scrollable="false" long-clickable="false" password="false" selected="false" bounds="[0,0][1080,1794]"><node index="0" text="" resource-id="" class="android.widget.LinearLayout" package="org.kiwix.kiwixmobile" content-desc="" checkable="false" checked="false" clickable="false" enabled="true" focusable="false" focused="false" scrollable="false" long-clickable="false" password="false" selected="false" bounds="[0,63][1080,1794]"><node index="0" text="" resource-id="org.kiwix.kiwixmobile:id/toolbar_layout" class="android.widget.RelativeLayout" package="org.kiwix.kiwixmobile" content-desc="" checkable="false" checked="false" clickable="false" enabled="true" focusable="false" focused="false" scrollable="false" long-clickable="false" password="false" selected="false" bounds="[0,63][1080,210]"><node index="0" text="" resource-id="org.kiwix.kiwixmobile:id/toolbar" class="android.view.ViewGroup" package="org.kiwix.kiwixmobile" content-desc="" checkable="false" checked="false" clickable="false" enabled="true" focusable="false" focused="false" scrollable="false" long-clickable="false" password="false" selected="false" bounds="[0,63][1080,210]"><node index="0" text="" resource-id="" class="android.widget.ImageButton" package="org.kiwix.kiwixmobile" content-desc="Navigate up" checkable="false" checked="false" clickable="true" enabled="true" focusable="true" focused="false" scrollable="false" long-clickable="false" password="false" selected="false" bounds="[0,63][147,210]" /><node index="1" text="Settings" resource-id="" class="android.widget.TextView" package="org.kiwix.kiwixmobile" content-desc="" checkable="false" checked="false" clickable="false" enabled="true" focusable="false" focused="false" scrollable="false" long-clickable="false" password="false" selected="false" bounds="[189,101][385,172]" /></node></node><node index="1" text="" resource-id="org.kiwix.kiwixmobile:id/content_frame" class="android.widget.FrameLayout" package="org.kiwix.kiwixmobile" content-desc="" checkable="false" checked="false" clickable="false" enabled="true" focusable="false" focused="false" scrollable="false" long-clickable="false" password="false" selected="false" bounds="[0,210][1080,1794]"><node index="0" text="" resource-id="" class="android.widget.LinearLayout" package="org.kiwix.kiwixmobile" content-desc="" checkable="false" checked="false" clickable="false" enabled="true" focusable="false" focused="false" scrollable="false" long-clickable="false" password="false" selected="false" bounds="[0,210][1080,1794]"><node index="0" text="" resource-id="android:id/list" class="android.widget.ListView" package="org.kiwix.kiwixmobile" content-desc="" checkable="false" checked="false" clickable="true" enabled="true" focusable="true" focused="true" scrollable="true" long-clickable="false" password="false" selected="false" bounds="[0,210][1080,1794]"><node index="0" text="" resource-id="" class="android.widget.LinearLayout" package="org.kiwix.kiwixmobile" content-desc="" checkable="false" checked="false" clickable="false" enabled="true" focusable="false" focused="false" scrollable="false" long-clickable="false" password="false" selected="false" bounds="[0,210][1080,291]"><node index="0" text="" resource-id="" class="android.widget.RelativeLayout" package="org.kiwix.kiwixmobile" content-desc="" checkable="false" checked="false" clickable="false" enabled="true" focusable="false" focused="false" scrollable="false" long-clickable="false" password="false" selected="false" bounds="[42,210][1038,291]"><node index="1" text="1.65 GB" resource-id="android:id/summary" class="android.widget.TextView" package="org.kiwix.kiwixmobile" content-desc="" checkable="false" checked="false" clickable="false" enabled="true" focusable="false" focused="false" scrollable="false" long-clickable="false" password="false" selected="false" bounds="[42,210][172,249]" /></node></node><node index="1" text="Zoom" resource-id="android:id/title" class="android.widget.TextView" package="org.kiwix.kiwixmobile" content-desc="" checkable="false" checked="false" clickable="false" enabled="true" focusable="false" focused="false" scrollable="false" long-clickable="false" password="false" selected="false" bounds="[0,294][1080,387]" /><node index="2" text="" resource-id="" class="android.widget.LinearLayout" package="org.kiwix.kiwixmobile" content-desc="" checkable="false" checked="false" clickable="false" enabled="true" focusable="false" focused="false" scrollable="false" long-clickable="false" password="false" selected="false" bounds="[0,390][1080,531]"><node index="0" text="" resource-id="" class="android.widget.RelativeLayout" package="org.kiwix.kiwixmobile" content-desc="" checkable="false" checked="false" clickable="false" enabled="true" focusable="false" focused="false" scrollable="false" long-clickable="false" password="false" selected="false" bounds="[42,390][874,531]"><node index="0" text="Zoom controls" resource-id="android:id/title" class="android.widget.TextView" package="org.kiwix.kiwixmobile" content-desc="" checkable="false" checked="false" clickable="false" enabled="true" focusable="false" focused="false" scrollable="false" long-clickable="false" password="false" selected="false" bounds="[42,432][315,489]" /></node><node index="1" text="" resource-id="android:id/widget_frame" class="android.widget.LinearLayout" package="org.kiwix.kiwixmobile" content-desc="" checkable="false" checked="false" clickable="false" enabled="true" focusable="false" focused="false" scrollable="false" long-clickable="false" password="false" selected="false" bounds="[874,390][1038,531]"><node index="0" text="OFF" resource-id="android:id/switchWidget" class="android.widget.Switch" package="org.kiwix.kiwixmobile" content-desc="" checkable="true" checked="false" clickable="false" enabled="true" focusable="false" focused="false" scrollable="false" long-clickable="false" password="false" selected="false" bounds="[916,425][1038,496]" /></node></node><node index="3" text="" resource-id="" class="android.widget.LinearLayout" package="org.kiwix.kiwixmobile" content-desc="" checkable="false" checked="false" clickable="false" enabled="false" focusable="false" focused="false" scrollable="false" long-clickable="false" password="false" selected="false" bounds="[0,534][1080,726]"><node index="0" text="" resource-id="" class="android.widget.RelativeLayout" package="org.kiwix.kiwixmobile" content-desc="" checkable="false" checked="false" clickable="false" enabled="false" focusable="false" focused="false" scrollable="false" long-clickable="false" password="false" selected="false" bounds="[42,534][1038,726]"><node index="0" text="Zoom level" resource-id="android:id/title" class="android.widget.TextView" package="org.kiwix.kiwixmobile" content-desc="" checkable="false" checked="false" clickable="false" enabled="false" focusable="false" focused="false" scrollable="false" long-clickable="false" password="false" selected="false" bounds="[42,576][246,633]" /><node index="1" text="medium" resource-id="android:id/summary" class="android.widget.TextView" package="org.kiwix.kiwixmobile" content-desc="" checkable="false" checked="false" clickable="false" enabled="false" focusable="false" focused="false" scrollable="false" long-clickable="false" password="false" selected="false" bounds="[42,633][176,684]" /></node></node><node index="4" text="History" resource-id="android:id/title" class="android.widget.TextView" package="org.kiwix.kiwixmobile" content-desc="" checkable="false" checked="false" clickable="false" enabled="true" focusable="false" focused="false" scrollable="false" long-clickable="false" password="false" selected="false" bounds="[0,729][1080,822]" /><node index="5" text="" resource-id="" class="android.widget.LinearLayout" package="org.kiwix.kiwixmobile" content-desc="" checkable="false" checked="false" clickable="false" enabled="true" focusable="false" focused="false" scrollable="false" long-clickable="false" password="false" selected="false" bounds="[0,825][1080,1017]"><node index="0" text="" resource-id="" class="android.widget.RelativeLayout" package="org.kiwix.kiwixmobile" content-desc="" checkable="false" checked="false" clickable="false" enabled="true" focusable="false" focused="false" scrollable="false" long-clickable="false" password="false" selected="false" bounds="[42,825][1038,1017]"><node index="0" text="Clear history" resource-id="android:id/title" class="android.widget.TextView" package="org.kiwix.kiwixmobile" content-desc="" checkable="false" checked="false" clickable="false" enabled="true" focusable="false" focused="false" scrollable="false" long-clickable="false" password="false" selected="false" bounds="[42,867][275,924]" /><node index="1" text="Clear recent searches and tabs history" resource-id="android:id/summary" class="android.widget.TextView" package="org.kiwix.kiwixmobile" content-desc="" checkable="false" checked="false" clickable="false" enabled="true" focusable="false" focused="false" scrollable="false" long-clickable="false" password="false" selected="false" bounds="[42,924][672,975]" /></node></node><node index="6" text="Language" resource-id="android:id/title" class="android.widget.TextView" package="org.kiwix.kiwixmobile" content-desc="" checkable="false" checked="false" clickable="false" enabled="true" focusable="false" focused="false" scrollable="false" long-clickable="false" password="false" selected="false" bounds="[0,1020][1080,1113]" /><node index="7" text="" resource-id="" class="android.widget.LinearLayout" package="org.kiwix.kiwixmobile" content-desc="" checkable="false" checked="false" clickable="false" enabled="true" focusable="false" focused="false" scrollable="false" long-clickable="false" password="false" selected="false" bounds="[0,1116][1080,1308]"><node index="0" text="" resource-id="" class="android.widget.RelativeLayout" package="org.kiwix.kiwixmobile" content-desc="" checkable="false" checked="false" clickable="false" enabled="true" focusable="false" focused="false" scrollable="false" long-clickable="false" password="false" selected="false" bounds="[42,1116][1038,1308]"><node index="0" text="English" resource-id="android:id/title" class="android.widget.TextView" package="org.kiwix.kiwixmobile" content-desc="" checkable="false" checked="false" clickable="false" enabled="true" focusable="false" focused="false" scrollable="false" long-clickable="false" password="false" selected="false" bounds="[42,1158][178,1215]" /><node index="1" text="Choose a language" resource-id="android:id/summary" class="android.widget.TextView" package="org.kiwix.kiwixmobile" content-desc="" checkable="false" checked="false" clickable="false" enabled="true" focusable="false" focused="false" scrollable="false" long-clickable="false" password="false" selected="false" bounds="[42,1215][356,1266]" /></node></node><node index="8" text="Information" resource-id="android:id/title" class="android.widget.TextView" package="org.kiwix.kiwixmobile" content-desc="" checkable="false" checked="false" clickable="false" enabled="true" focusable="false" focused="false" scrollable="false" long-clickable="false" password="false" selected="false" bounds="[0,1311][1080,1404]" /><node index="9" text="" resource-id="" class="android.widget.LinearLayout" package="org.kiwix.kiwixmobile" content-desc="" checkable="false" checked="false" clickable="false" enabled="true" focusable="false" focused="false" scrollable="false" long-clickable="false" password="false" selected="false" bounds="[0,1407][1080,1599]"><node index="0" text="" resource-id="" class="android.widget.RelativeLayout" package="org.kiwix.kiwixmobile" content-desc="" checkable="false" checked="false" clickable="false" enabled="true" focusable="false" focused="false" scrollable="false" long-clickable="false" password="false" selected="false" bounds="[42,1407][1038,1599]"><node index="0" text="Version" resource-id="android:id/title" class="android.widget.TextView" package="org.kiwix.kiwixmobile" content-desc="" checkable="false" checked="false" clickable="false" enabled="true" focusable="false" focused="false" scrollable="false" long-clickable="false" password="false" selected="false" bounds="[42,1449][183,1506]" /><node index="1" text="2.4 Build: 55" resource-id="android:id/summary" class="android.widget.TextView" package="org.kiwix.kiwixmobile" content-desc="" checkable="false" checked="false" clickable="false" enabled="true" focusable="false" focused="false" scrollable="false" long-clickable="false" password="false" selected="false" bounds="[42,1506][245,1557]" /></node></node><node index="10" text="" resource-id="" class="android.widget.LinearLayout" package="org.kiwix.kiwixmobile" content-desc="" checkable="false" checked="false" clickable="false" enabled="true" focusable="false" focused="false" scrollable="false" long-clickable="false" password="false" selected="false" bounds="[0,1602][1080,1794]"><node index="0" text="" resource-id="" class="android.widget.RelativeLayout" package="org.kiwix.kiwixmobile" content-desc="" checkable="false" checked="false" clickable="false" enabled="true" focusable="false" focused="false" scrollable="false" long-clickable="false" password="false" selected="false" bounds="[42,1602][1038,1794]"><node index="0" text="Credits" resource-id="android:id/title" class="android.widget.TextView" package="org.kiwix.kiwixmobile" content-desc="" checkable="false" checked="false" clickable="false" enabled="true" focusable="false" focused="false" scrollable="false" long-clickable="false" password="false" selected="false" bounds="[42,1644][175,1701]" /><node index="1" text="Contributors and Licenses" resource-id="android:id/summary" class="android.widget.TextView" package="org.kiwix.kiwixmobile" content-desc="" checkable="false" checked="false" clickable="false" enabled="true" focusable="false" focused="false" scrollable="false" long-clickable="false" password="false" selected="false" bounds="[42,1701][472,1752]" /></node></node></node></node></node></node></node></node></node></node></node><node index="1" text="" resource-id="android:id/navigationBarBackground" class="android.view.View" package="org.kiwix.kiwixmobile" content-desc="" checkable="false" checked="false" clickable="false" enabled="true" focusable="false" focused="false" scrollable="false" long-clickable="false" password="false" selected="false" bounds="[0,0][0,0]" /></node></hierarchy>