<?xml version='1.0' encoding='UTF-8' standalone='yes' ?><hierarchy rotation="0"><node index="0" text="" resource-id="" class="android.widget.FrameLayout" package="org.kiwix.kiwixmobile" content-desc="" checkable="false" checked="false" clickable="false" enabled="true" focusable="false" focused="false" scrollable="false" long-clickable="false" password="false" selected="false" bounds="[0,0][1080,1794]"><node index="0" text="" resource-id="" class="android.widget.LinearLayout" package="org.kiwix.kiwixmobile" content-desc="" checkable="false" checked="false" clickable="false" enabled="true" focusable="false" focused="false" scrollable="false" long-clickable="false" password="false" selected="false" bounds="[0,0][1080,1794]"><node index="0" text="" resource-id="" class="android.widget.FrameLayout" package="org.kiwix.kiwixmobile" content-desc="" checkable="false" checked="false" clickable="false" enabled="true" focusable="false" focused="false" scrollable="false" long-clickable="false" password="false" selected="false" bounds="[0,0][1080,1794]"><node index="0" text="" resource-id="org.kiwix.kiwixmobile:id/action_bar_root" class="android.widget.FrameLayout" package="org.kiwix.kiwixmobile" content-desc="" checkable="false" checked="false" clickable="false" enabled="true" focusable="false" focused="false" scrollable="false" long-clickable="false" password="false" selected="false" bounds="[0,0][1080,1794]"><node index="0" text="" resource-id="android:id/content" class="android.widget.FrameLayout" package="org.kiwix.kiwixmobile" content-desc="" checkable="false" checked="false" clickable="false" enabled="true" focusable="false" focused="false" scrollable="false" long-clickable="false" password="false" selected="false" bounds="[0,0][1080,1794]"><node index="0" text="" resource-id="org.kiwix.kiwixmobile:id/snackbar_layout" class="android.view.ViewGroup" package="org.kiwix.kiwixmobile" content-desc="" checkable="false" checked="false" clickable="false" enabled="true" focusable="false" focused="false" scrollable="false" long-clickable="false" password="false" selected="false" bounds="[0,0][1080,1794]"><node index="0" text="" resource-id="org.kiwix.kiwixmobile:id/drawer_layout" class="android.support.v4.widget.DrawerLayout" package="org.kiwix.kiwixmobile" content-desc="" checkable="false" checked="false" clickable="false" enabled="true" focusable="false" focused="false" scrollable="false" long-clickable="false" password="false" selected="false" bounds="[0,0][1080,1794]"><node index="0" text="" resource-id="org.kiwix.kiwixmobile:id/content_frame" class="android.widget.FrameLayout" package="org.kiwix.kiwixmobile" content-desc="" checkable="false" checked="false" clickable="false" enabled="true" focusable="false" focused="false" scrollable="false" long-clickable="false" password="false" selected="false" bounds="[0,0][1080,1794]"><node index="0" text="" resource-id="" class="android.webkit.WebView" package="org.kiwix.kiwixmobile" content-desc="" checkable="false" checked="false" clickable="false" enabled="true" focusable="false" focused="false" scrollable="false" long-clickable="false" password="false" selected="false" bounds="[0,210][1080,1794]"><node index="0" text="" resource-id="" class="android.webkit.WebView" package="org.kiwix.kiwixmobile" content-desc="REPLACE_menu_help" checkable="false" checked="false" clickable="true" enabled="true" focusable="true" focused="true" scrollable="true" long-clickable="false" password="false" selected="false" bounds="[0,210][1080,1794]" /></node></node><node index="1" text="" resource-id="" class="android.widget.RelativeLayout" package="org.kiwix.kiwixmobile" content-desc="" checkable="false" checked="false" clickable="false" enabled="true" focusable="false" focused="false" scrollable="false" long-clickable="false" password="false" selected="false" bounds="[0,63][1080,1794]"><node index="0" text="" resource-id="" class="android.widget.RelativeLayout" package="org.kiwix.kiwixmobile" content-desc="" checkable="false" checked="false" clickable="false" enabled="true" focusable="false" focused="false" scrollable="false" long-clickable="false" password="false" selected="false" bounds="[0,63][1080,1794]"><node index="0" text="" resource-id="" class="android.widget.RelativeLayout" package="org.kiwix.kiwixmobile" content-desc="" checkable="false" checked="false" clickable="false" enabled="true" focusable="false" focused="false" scrollable="false" long-clickable="false" password="false" selected="false" bounds="[0,63][1080,1794]" /></node></node><node index="2" text="" resource-id="org.kiwix.kiwixmobile:id/left_drawer" class="android.widget.LinearLayout" package="org.kiwix.kiwixmobile" content-desc="" checkable="false" checked="false" clickable="true" enabled="true" focusable="false" focused="false" scrollable="false" long-clickable="false" password="false" selected="false" bounds="[0,147][683,1794]"><node index="0" text="" resource-id="" class="android.view.View" package="org.kiwix.kiwixmobile" content-desc="" checkable="false" checked="false" clickable="false" enabled="true" focusable="false" focused="false" scrollable="false" long-clickable="false" password="false" selected="false" bounds="[0,210][683,213]" /><node index="1" text="" resource-id="org.kiwix.kiwixmobile:id/left_drawer_list" class="android.support.v7.widget.RecyclerView" package="org.kiwix.kiwixmobile" content-desc="" checkable="false" checked="false" clickable="false" enabled="true" focusable="true" focused="false" scrollable="false" long-clickable="false" password="false" selected="false" bounds="[0,213][683,1644]"><node index="0" text="" resource-id="" class="android.widget.RelativeLayout" package="org.kiwix.kiwixmobile" content-desc="" checkable="false" checked="false" clickable="true" enabled="true" focusable="false" focused="false" scrollable="false" long-clickable="false" password="false" selected="false" bounds="[0,213][683,360]"><node index="0" text="Pitulung" resource-id="org.kiwix.kiwixmobile:id/titleText" class="android.widget.TextView" package="org.kiwix.kiwixmobile" content-desc="" checkable="false" checked="false" clickable="false" enabled="true" focusable="false" focused="false" scrollable="false" long-clickable="false" password="false" selected="false" bounds="[42,223][504,349]" /><node index="1" text="" resource-id="org.kiwix.kiwixmobile:id/exitButton" class="android.widget.ImageView" package="org.kiwix.kiwixmobile" content-desc="Delete Tab" checkable="false" checked="false" clickable="true" enabled="true" focusable="false" focused="false" scrollable="false" long-clickable="false" password="false" selected="false" bounds="[546,223][672,349]" /></node></node><node index="2" text="" resource-id="" class="android.view.View" package="org.kiwix.kiwixmobile" content-desc="" checkable="false" checked="false" clickable="false" enabled="true" focusable="false" focused="false" scrollable="false" long-clickable="false" password="false" selected="false" bounds="[0,1644][683,1647]" /><node index="3" text="" resource-id="" class="android.widget.LinearLayout" package="org.kiwix.kiwixmobile" content-desc="" checkable="false" checked="false" clickable="false" enabled="true" focusable="false" focused="false" scrollable="false" long-clickable="false" password="false" selected="false" bounds="[0,1647][683,1794]"><node index="0" text="" resource-id="org.kiwix.kiwixmobile:id/action_back" class="android.widget.RelativeLayout" package="org.kiwix.kiwixmobile" content-desc="" checkable="false" checked="false" clickable="true" enabled="false" focusable="false" focused="false" scrollable="false" long-clickable="false" password="false" selected="false" bounds="[0,1647][228,1794]"><node index="0" text="" resource-id="org.kiwix.kiwixmobile:id/action_back_button" class="android.widget.ImageView" package="org.kiwix.kiwixmobile" content-desc="" checkable="false" checked="false" clickable="false" enabled="true" focusable="false" focused="false" scrollable="false" long-clickable="false" password="false" selected="false" bounds="[61,1667][167,1773]" /></node><node NAF="true" index="1" text="" resource-id="org.kiwix.kiwixmobile:id/new_tab_button" class="android.widget.RelativeLayout" package="org.kiwix.kiwixmobile" content-desc="" checkable="false" checked="false" clickable="true" enabled="true" focusable="false" focused="false" scrollable="false" long-clickable="false" password="false" selected="false" bounds="[228,1647][456,1794]"><node index="0" text="" resource-id="" class="android.widget.ImageView" package="org.kiwix.kiwixmobile" content-desc="" checkable="false" checked="false" clickable="false" enabled="true" focusable="false" focused="false" scrollable="false" long-clickable="false" password="false" selected="false" bounds="[289,1667][395,1773]" /></node><node index="2" text="" resource-id="org.kiwix.kiwixmobile:id/action_forward" class="android.widget.RelativeLayout" package="org.kiwix.kiwixmobile" content-desc="" checkable="false" checked="false" clickable="true" enabled="false" focusable="false" focused="false" scrollable="false" long-clickable="false" password="false" selected="false" bounds="[456,1647][683,1794]"><node index="0" text="" resource-id="org.kiwix.kiwixmobile:id/action_forward_button" class="android.widget.ImageView" package="org.kiwix.kiwixmobile" content-desc="" checkable="false" checked="false" clickable="false" enabled="true" focusable="false" focused="false" scrollable="false" long-clickable="false" password="false" selected="false" bounds="[516,1667][622,1773]" /></node></node></node></node><node index="1" text="" resource-id="org.kiwix.kiwixmobile:id/toolbar_layout" class="android.widget.RelativeLayout" package="org.kiwix.kiwixmobile" content-desc="" checkable="false" checked="false" clickable="false" enabled="true" focusable="false" focused="false" scrollable="false" long-clickable="false" password="false" selected="false" bounds="[0,63][1080,210]"><node index="0" text="" resource-id="org.kiwix.kiwixmobile:id/toolbar" class="android.view.ViewGroup" package="org.kiwix.kiwixmobile" content-desc="" checkable="false" checked="false" clickable="false" enabled="true" focusable="false" focused="false" scrollable="false" long-clickable="false" password="false" selected="false" bounds="[0,63][1080,210]"><node NAF="true" index="0" text="" resource-id="" class="android.widget.ImageButton" package="org.kiwix.kiwixmobile" content-desc="" checkable="false" checked="false" clickable="true" enabled="true" focusable="true" focused="false" scrollable="false" long-clickable="false" password="false" selected="false" bounds="[0,63][147,210]" /><node index="1" text="Kiwix" resource-id="" class="android.widget.TextView" package="org.kiwix.kiwixmobile" content-desc="" checkable="false" checked="false" clickable="false" enabled="true" focusable="false" focused="false" scrollable="false" long-clickable="false" password="false" selected="false" bounds="[189,101][316,172]" /><node index="2" text="" resource-id="" class="android.support.v7.widget.LinearLayoutCompat" package="org.kiwix.kiwixmobile" content-desc="" checkable="false" checked="false" clickable="false" enabled="true" focusable="false" focused="false" scrollable="false" long-clickable="false" password="false" selected="false" bounds="[975,63][1080,210]"><node index="0" text="" resource-id="" class="android.widget.ImageView" package="org.kiwix.kiwixmobile" content-desc="More options" checkable="false" checked="false" clickable="true" enabled="true" focusable="true" focused="false" scrollable="false" long-clickable="true" password="false" selected="false" bounds="[975,73][1080,199]" /></node></node></node></node></node></node></node></node><node index="1" text="" resource-id="android:id/navigationBarBackground" class="android.view.View" package="org.kiwix.kiwixmobile" content-desc="" checkable="false" checked="false" clickable="false" enabled="true" focusable="false" focused="false" scrollable="false" long-clickable="false" password="false" selected="false" bounds="[0,0][0,0]" /></node></hierarchy>